"time-stamp","id","movement","x","y","",""
"2014/6/7 08:35:37","258464","check-in","0","67","2","68"
"2014/6/7 08:36:18","258464","movement","1","66","2",""
"2014/6/7 08:36:25","258464","movement","2","67","2",""
"2014/6/7 08:36:32","258464","movement","3","67","2",""
"2014/6/7 08:36:39","258464","movement","4","66","2",""
"2014/6/7 08:36:46","258464","movement","5","66","2",""
"2014/6/7 08:36:53","258464","movement","6","67","2",""
"2014/6/7 08:37:00","258464","movement","7","66","2",""
"2014/6/7 08:37:07","258464","movement","8","66","2",""
"2014/6/7 08:37:14","258464","movement","9","66","2",""
"2014/6/7 08:37:21","258464","movement","10","67","2",""
"2014/6/7 08:37:28","258464","movement","11","67","2",""
"2014/6/7 08:37:35","258464","movement","12","67","2",""
"2014/6/7 08:37:42","258464","movement","13","67","2",""
"2014/6/7 08:37:49","258464","movement","14","66","2",""
"2014/6/7 08:37:56","258464","movement","15","66","2",""
"2014/6/7 08:38:03","258464","movement","16","66","2",""
"2014/6/7 08:38:10","258464","movement","17","67","2",""
"2014/6/7 08:38:17","258464","movement","18","66","2",""
"2014/6/7 08:38:24","258464","movement","19","67","2",""
"2014/6/7 08:38:31","258464","movement","20","67","2",""
"2014/6/7 08:38:38","258464","movement","21","66","2",""
"2014/6/7 08:38:45","258464","movement","22","66","2",""
"2014/6/7 08:38:52","258464","movement","23","66","2",""
"2014/6/7 08:38:59","258464","movement","24","67","2",""
"2014/6/7 08:39:06","258464","movement","25","67","2",""
"2014/6/7 08:39:13","258464","movement","26","66","2",""
"2014/6/7 08:39:20","258464","movement","27","67","2",""
"2014/6/7 08:39:27","258464","movement","28","66","2",""
"2014/6/7 08:39:34","258464","movement","29","67","2",""
"2014/6/7 08:39:41","258464","movement","30","66","2",""
"2014/6/7 08:39:48","258464","movement","31","67","2",""
"2014/6/7 08:39:55","258464","movement","32","66","2",""
"2014/6/7 08:40:02","258464","movement","33","67","2",""
"2014/6/7 08:40:09","258464","movement","34","66","2",""
"2014/6/7 08:40:16","258464","movement","35","65","2",""
"2014/6/7 08:40:23","258464","movement","36","64","2",""
"2014/6/7 08:40:30","258464","movement","37","63","2",""
"2014/6/7 08:40:37","258464","movement","38","62","2",""
"2014/6/7 08:40:44","258464","movement","39","62","2",""
"2014/6/7 08:40:51","258464","movement","40","61","2",""
"2014/6/7 08:40:58","258464","movement","41","60","2",""
"2014/6/7 08:41:05","258464","movement","42","59","2",""
"2014/6/7 08:41:12","258464","movement","43","58","2",""
"2014/6/7 08:41:19","258464","movement","44","57","2",""
"2014/6/7 08:41:26","258464","movement","45","56","4",""
"2014/6/7 08:41:33","258464","movement","46","55","4",""
"2014/6/7 08:41:40","258464","movement","47","54","4",""
"2014/6/7 08:41:47","258464","movement","48","53","4",""
"2014/6/7 08:41:54","258464","movement","49","53","4",""
"2014/6/7 08:42:01","258464","movement","50","53","4",""
"2014/6/7 08:42:08","258464","movement","51","52","4",""
"2014/6/7 08:42:15","258464","movement","52","51","4",""
"2014/6/7 08:42:22","258464","movement","53","50","4",""
"2014/6/7 08:42:29","258464","movement","54","49","4",""
"2014/6/7 08:42:36","258464","movement","55","48","4",""
"2014/6/7 08:42:43","258464","movement","56","47","4",""
"2014/6/7 08:42:50","258464","movement","57","46","4",""
"2014/6/7 08:42:57","258464","movement","58","45","4",""
"2014/6/7 08:43:04","258464","movement","59","44","4",""
"2014/6/7 08:43:11","258464","movement","60","43","4",""
"2014/6/7 08:43:18","258464","movement","61","42","4",""
"2014/6/7 08:43:25","258464","movement","62","41","4",""
"2014/6/7 08:43:32","258464","movement","63","40","4",""
"2014/6/7 08:43:39","258464","movement","63","39","4",""
"2014/6/7 08:43:46","258464","movement","64","38","4",""
"2014/6/7 08:43:53","258464","movement","65","37","4",""
"2014/6/7 08:44:00","258464","movement","66","37","4",""
"2014/6/7 08:44:07","258464","movement","67","37","5",""
"2014/6/7 08:44:11","258464","check-in","67","37","5","73"
"2014/6/7 09:09:24","258464","movement","66","37","4",""
"2014/6/7 09:09:31","258464","movement","65","37","4",""
"2014/6/7 09:09:38","258464","movement","64","38","4",""
"2014/6/7 09:09:45","258464","movement","63","39","4",""
"2014/6/7 09:09:52","258464","movement","63","40","4",""
"2014/6/7 09:09:59","258464","movement","62","41","4",""
"2014/6/7 09:10:06","258464","movement","61","42","4",""
"2014/6/7 09:10:13","258464","movement","60","43","4",""
"2014/6/7 09:10:20","258464","movement","59","44","4",""
"2014/6/7 09:10:27","258464","movement","58","45","4",""
"2014/6/7 09:10:34","258464","movement","57","46","4",""
"2014/6/7 09:10:41","258464","movement","56","47","4",""
"2014/6/7 09:10:48","258464","movement","55","47","4",""
"2014/6/7 09:10:55","258464","movement","54","48","4",""
"2014/6/7 09:11:02","258464","movement","53","49","4",""
"2014/6/7 09:11:09","258464","movement","52","50","4",""
"2014/6/7 09:11:16","258464","movement","51","50","4",""
"2014/6/7 09:11:23","258464","movement","50","51","4",""
"2014/6/7 09:11:30","258464","movement","49","52","4",""
"2014/6/7 09:11:37","258464","movement","48","52","4",""
"2014/6/7 09:11:44","258464","movement","47","53","4",""
"2014/6/7 09:11:51","258464","movement","46","54","4",""
"2014/6/7 09:11:58","258464","movement","45","55","4",""
"2014/6/7 09:12:05","258464","movement","44","56","2",""
"2014/6/7 09:12:12","258464","movement","43","57","2",""
"2014/6/7 09:12:19","258464","movement","42","58","2",""
"2014/6/7 09:12:26","258464","movement","41","59","2",""
"2014/6/7 09:12:33","258464","movement","40","60","2",""
"2014/6/7 09:12:40","258464","movement","39","61","2",""
"2014/6/7 09:12:47","258464","movement","38","62","2",""
"2014/6/7 09:12:54","258464","movement","37","63","2",""
"2014/6/7 09:13:01","258464","movement","36","64","2",""
"2014/6/7 09:13:08","258464","movement","35","65","2",""
"2014/6/7 09:13:15","258464","movement","34","66","2",""
"2014/6/7 09:13:22","258464","movement","33","67","2",""
"2014/6/7 09:13:29","258464","movement","34","68","2",""
"2014/6/7 09:13:33","258464","check-in","34","68","2","21"
"2014/6/7 09:24:18","258464","movement","33","69","2",""
"2014/6/7 09:24:25","258464","movement","34","70","2",""
"2014/6/7 09:24:32","258464","movement","35","71","2",""
"2014/6/7 09:24:39","258464","movement","36","72","3",""
"2014/6/7 09:24:46","258464","movement","37","73","3",""
"2014/6/7 09:24:53","258464","movement","38","74","3",""
"2014/6/7 09:25:00","258464","movement","39","75","3",""
"2014/6/7 09:25:07","258464","movement","40","75","3",""
"2014/6/7 09:25:14","258464","movement","41","76","3",""
"2014/6/7 09:25:21","258464","movement","42","77","3",""
"2014/6/7 09:25:28","258464","movement","43","78","3",""
"2014/6/7 09:25:32","258464","check-in","43","78","3","31"
"2014/6/7 09:31:18","258464","movement","42","77","3",""
"2014/6/7 09:31:25","258464","movement","41","76","3",""
"2014/6/7 09:31:32","258464","movement","40","75","3",""
"2014/6/7 09:31:39","258464","movement","39","74","3",""
"2014/6/7 09:31:46","258464","movement","38","73","3",""
"2014/6/7 09:31:53","258464","movement","37","73","3",""
"2014/6/7 09:32:00","258464","movement","36","72","3",""
"2014/6/7 09:32:07","258464","movement","35","71","2",""
"2014/6/7 09:32:14","258464","movement","34","70","2",""
"2014/6/7 09:32:21","258464","movement","34","69","2",""
"2014/6/7 09:32:28","258464","movement","34","68","2",""
"2014/6/7 09:32:35","258464","movement","33","67","2",""
"2014/6/7 09:32:42","258464","movement","34","66","2",""
"2014/6/7 09:32:49","258464","movement","35","65","2",""
"2014/6/7 09:32:56","258464","movement","36","64","2",""
"2014/6/7 09:33:03","258464","movement","37","63","2",""
"2014/6/7 09:33:10","258464","movement","38","63","2",""
"2014/6/7 09:33:17","258464","movement","39","62","2",""
"2014/6/7 09:33:24","258464","movement","40","61","2",""
"2014/6/7 09:33:31","258464","movement","41","60","2",""
"2014/6/7 09:33:38","258464","movement","42","59","2",""
"2014/6/7 09:33:45","258464","movement","43","58","2",""
"2014/6/7 09:33:52","258464","movement","44","57","2",""
"2014/6/7 09:33:59","258464","movement","45","56","4",""
"2014/6/7 09:34:06","258464","movement","46","55","4",""
"2014/6/7 09:34:13","258464","movement","47","54","4",""
"2014/6/7 09:34:20","258464","movement","48","54","4",""
"2014/6/7 09:34:27","258464","movement","49","53","4",""
"2014/6/7 09:34:34","258464","movement","50","52","4",""
"2014/6/7 09:34:41","258464","movement","51","52","4",""
"2014/6/7 09:34:48","258464","movement","52","51","4",""
"2014/6/7 09:34:55","258464","movement","53","50","4",""
"2014/6/7 09:35:02","258464","movement","54","50","4",""
"2014/6/7 09:35:09","258464","movement","55","49","4",""
"2014/6/7 09:35:16","258464","movement","56","48","4",""
"2014/6/7 09:35:23","258464","movement","57","47","4",""
"2014/6/7 09:35:30","258464","movement","58","46","4",""
"2014/6/7 09:35:37","258464","movement","59","45","4",""
"2014/6/7 09:35:44","258464","movement","60","44","4",""
"2014/6/7 09:35:51","258464","movement","61","43","4",""
"2014/6/7 09:35:58","258464","movement","62","42","4",""
"2014/6/7 09:36:05","258464","movement","63","43","4",""
"2014/6/7 09:36:12","258464","movement","64","42","4",""
"2014/6/7 09:36:19","258464","movement","65","42","4",""
"2014/6/7 09:36:26","258464","movement","66","42","4",""
"2014/6/7 09:36:33","258464","movement","67","41","5",""
"2014/6/7 09:36:40","258464","movement","68","41","5",""
"2014/6/7 09:36:47","258464","movement","69","41","5",""
"2014/6/7 09:36:54","258464","movement","70","42","5",""
"2014/6/7 09:37:01","258464","movement","71","43","5",""
"2014/6/7 09:37:08","258464","movement","72","44","5",""
"2014/6/7 09:37:15","258464","movement","73","44","5",""
"2014/6/7 09:37:22","258464","movement","74","45","5",""
"2014/6/7 09:37:29","258464","movement","75","46","5",""
"2014/6/7 09:37:36","258464","movement","76","47","5",""
"2014/6/7 09:37:43","258464","movement","77","47","5",""
"2014/6/7 09:37:50","258464","movement","78","48","5",""
"2014/6/7 09:40:43","258464","movement","79","47","5",""
"2014/6/7 09:40:50","258464","movement","80","47","5",""
"2014/6/7 09:40:57","258464","movement","81","46","5",""
"2014/6/7 09:41:04","258464","movement","82","45","5",""
"2014/6/7 09:41:11","258464","movement","83","44","5",""
"2014/6/7 09:41:18","258464","movement","84","44","5",""
"2014/6/7 09:41:25","258464","movement","85","45","5",""
"2014/6/7 09:41:32","258464","movement","85","46","5",""
"2014/6/7 09:41:39","258464","movement","86","47","5",""
"2014/6/7 09:41:46","258464","movement","87","48","5",""
"2014/6/7 09:41:53","258464","movement","88","49","5",""
"2014/6/7 09:42:00","258464","movement","89","50","5",""
"2014/6/7 09:42:07","258464","movement","89","51","5",""
"2014/6/7 09:42:14","258464","movement","89","52","5",""
"2014/6/7 09:42:21","258464","movement","88","53","5",""
"2014/6/7 09:42:28","258464","movement","87","54","5",""
"2014/6/7 09:42:35","258464","movement","88","55","5",""
"2014/6/7 09:42:42","258464","movement","89","56","5",""
"2014/6/7 09:42:49","258464","movement","88","57","5",""
"2014/6/7 09:42:56","258464","movement","88","58","5",""
"2014/6/7 09:43:03","258464","movement","88","59","5",""
"2014/6/7 09:43:10","258464","movement","89","60","5",""
"2014/6/7 09:43:17","258464","movement","88","61","5",""
"2014/6/7 09:43:24","258464","movement","88","62","5",""
"2014/6/7 09:43:31","258464","movement","88","63","5",""
"2014/6/7 09:43:38","258464","movement","88","64","5",""
"2014/6/7 09:43:45","258464","movement","87","65","5",""
"2014/6/7 09:43:52","258464","movement","87","66","5",""
"2014/6/7 09:43:59","258464","movement","86","67","5",""
"2014/6/7 09:44:06","258464","movement","85","68","5",""
"2014/6/7 09:44:13","258464","movement","85","69","5",""
"2014/6/7 09:44:20","258464","movement","84","70","5",""
"2014/6/7 09:44:27","258464","movement","83","71","5",""
"2014/6/7 09:44:34","258464","movement","82","71","5",""
"2014/6/7 09:44:41","258464","movement","81","72","5",""
"2014/6/7 09:44:48","258464","movement","80","73","5",""
"2014/6/7 09:44:55","258464","movement","79","73","5",""
"2014/6/7 09:45:02","258464","movement","78","74","5",""
"2014/6/7 09:45:09","258464","movement","77","74","5",""
"2014/6/7 09:45:16","258464","movement","76","75","5",""
"2014/6/7 09:45:23","258464","movement","77","76","5",""
"2014/6/7 09:45:30","258464","movement","78","77","5",""
"2014/6/7 09:45:37","258464","movement","79","77","5",""
"2014/6/7 09:45:44","258464","movement","80","78","5",""
"2014/6/7 09:45:51","258464","movement","81","79","5",""
"2014/6/7 09:45:58","258464","movement","82","80","5",""
"2014/6/7 09:46:03","258464","check-in","82","80","5","16"
"2014/6/7 09:51:18","258464","movement","81","79","5",""
"2014/6/7 09:51:25","258464","movement","80","79","5",""
"2014/6/7 09:51:32","258464","movement","79","78","5",""
"2014/6/7 09:51:39","258464","movement","78","78","5",""
"2014/6/7 09:51:46","258464","movement","77","77","5",""
"2014/6/7 09:51:53","258464","movement","76","78","5",""
"2014/6/7 09:52:00","258464","movement","75","77","5",""
"2014/6/7 09:52:07","258464","movement","74","77","5",""
"2014/6/7 09:52:14","258464","movement","73","78","5",""
"2014/6/7 09:52:21","258464","movement","72","79","5",""
"2014/6/7 09:52:28","258464","movement","71","80","5",""
"2014/6/7 09:52:35","258464","movement","71","81","5",""
"2014/6/7 09:52:42","258464","movement","70","82","5",""
"2014/6/7 09:52:49","258464","movement","69","83","5",""
"2014/6/7 09:52:56","258464","movement","68","84","5",""
"2014/6/7 09:53:03","258464","movement","69","85","5",""
"2014/6/7 09:53:10","258464","movement","68","86","5",""
"2014/6/7 09:53:17","258464","movement","67","87","5",""
"2014/6/7 09:53:24","258464","movement","66","88","5",""
"2014/6/7 09:53:31","258464","movement","65","87","5",""
"2014/6/7 09:53:38","258464","movement","64","87","5",""
"2014/6/7 09:53:45","258464","movement","63","88","5",""
"2014/6/7 09:53:52","258464","movement","62","87","5",""
"2014/6/7 09:53:59","258464","movement","61","88","5",""
"2014/6/7 09:54:06","258464","movement","60","87","5",""
"2014/6/7 09:54:13","258464","movement","59","88","5",""
"2014/6/7 09:54:20","258464","movement","58","87","5",""
"2014/6/7 09:54:27","258464","movement","57","88","5",""
"2014/6/7 09:54:34","258464","movement","56","87","5",""
"2014/6/7 09:54:41","258464","movement","55","87","5",""
"2014/6/7 09:54:48","258464","movement","54","86","5",""
"2014/6/7 09:54:55","258464","movement","53","85","5",""
"2014/6/7 09:55:02","258464","movement","52","84","5",""
"2014/6/7 09:55:09","258464","movement","51","83","5",""
"2014/6/7 09:55:16","258464","movement","50","83","5",""
"2014/6/7 09:55:23","258464","movement","49","83","5",""
"2014/6/7 09:55:30","258464","movement","48","82","5",""
"2014/6/7 09:55:37","258464","movement","47","81","4",""
"2014/6/7 09:55:44","258464","movement","46","80","4",""
"2014/6/7 09:55:51","258464","movement","45","79","4",""
"2014/6/7 09:55:58","258464","movement","44","79","3",""
"2014/6/7 09:56:05","258464","movement","43","78","3",""
"2014/6/7 09:56:12","258464","movement","42","77","3",""
"2014/6/7 09:56:19","258464","movement","41","76","3",""
"2014/6/7 09:56:26","258464","movement","40","75","3",""
"2014/6/7 09:56:33","258464","movement","39","75","3",""
"2014/6/7 09:56:40","258464","movement","38","74","3",""
"2014/6/7 09:56:47","258464","movement","37","73","3",""
"2014/6/7 09:56:54","258464","movement","36","72","3",""
"2014/6/7 09:57:01","258464","movement","35","71","2",""
"2014/6/7 09:57:08","258464","movement","34","70","2",""
"2014/6/7 09:57:15","258464","movement","33","69","2",""
"2014/6/7 09:57:22","258464","movement","34","68","2",""
"2014/6/7 09:57:29","258464","movement","33","67","2",""
"2014/6/7 09:57:36","258464","movement","33","66","2",""
"2014/6/7 09:57:43","258464","movement","33","65","2",""
"2014/6/7 09:57:50","258464","movement","34","64","2",""
"2014/6/7 09:57:57","258464","movement","34","63","2",""
"2014/6/7 09:58:04","258464","movement","33","62","2",""
"2014/6/7 09:58:11","258464","movement","32","61","2",""
"2014/6/7 09:58:18","258464","movement","31","61","2",""
"2014/6/7 09:58:25","258464","movement","30","60","2",""
"2014/6/7 09:58:32","258464","movement","29","60","2",""
"2014/6/7 09:58:39","258464","movement","28","59","2",""
"2014/6/7 09:58:46","258464","movement","27","58","2",""
"2014/6/7 09:58:53","258464","movement","26","57","2",""
"2014/6/7 09:59:00","258464","movement","25","56","2",""
"2014/6/7 09:59:07","258464","movement","24","55","2",""
"2014/6/7 09:59:14","258464","movement","23","54","2",""
"2014/6/7 09:59:19","258464","check-in","23","54","2","28"
"2014/6/7 10:06:18","258464","movement","24","55","2",""
"2014/6/7 10:06:25","258464","movement","25","56","2",""
"2014/6/7 10:06:32","258464","movement","26","56","2",""
"2014/6/7 10:06:39","258464","movement","27","57","2",""
"2014/6/7 10:06:46","258464","movement","28","58","2",""
"2014/6/7 10:06:53","258464","movement","29","59","2",""
"2014/6/7 10:07:00","258464","movement","30","59","2",""
"2014/6/7 10:07:07","258464","movement","31","60","2",""
"2014/6/7 10:07:14","258464","movement","32","60","2",""
"2014/6/7 10:07:21","258464","movement","33","61","2",""
"2014/6/7 10:07:28","258464","movement","34","61","2",""
"2014/6/7 10:07:35","258464","movement","35","62","2",""
"2014/6/7 10:07:42","258464","movement","36","62","2",""
"2014/6/7 10:07:49","258464","movement","37","62","2",""
"2014/6/7 10:07:56","258464","movement","38","62","2",""
"2014/6/7 10:08:03","258464","movement","39","61","2",""
"2014/6/7 10:08:10","258464","movement","40","60","2",""
"2014/6/7 10:08:17","258464","movement","41","60","2",""
"2014/6/7 10:08:24","258464","movement","42","59","2",""
"2014/6/7 10:08:31","258464","movement","43","58","2",""
"2014/6/7 10:08:38","258464","movement","44","57","2",""
"2014/6/7 10:08:45","258464","movement","45","56","4",""
"2014/6/7 10:08:52","258464","movement","46","55","4",""
"2014/6/7 10:08:59","258464","movement","47","54","4",""
"2014/6/7 10:09:06","258464","movement","48","53","4",""
"2014/6/7 10:09:13","258464","movement","49","53","4",""
"2014/6/7 10:09:20","258464","movement","50","52","4",""
"2014/6/7 10:09:27","258464","movement","51","51","4",""
"2014/6/7 10:09:34","258464","movement","52","51","4",""
"2014/6/7 10:09:41","258464","movement","53","51","4",""
"2014/6/7 10:09:48","258464","movement","54","50","4",""
"2014/6/7 10:09:55","258464","movement","55","49","4",""
"2014/6/7 10:10:02","258464","movement","56","48","4",""
"2014/6/7 10:10:09","258464","movement","57","47","4",""
"2014/6/7 10:10:16","258464","movement","58","46","4",""
"2014/6/7 10:10:23","258464","movement","59","45","4",""
"2014/6/7 10:10:30","258464","movement","60","44","4",""
"2014/6/7 10:10:37","258464","movement","61","43","4",""
"2014/6/7 10:10:44","258464","movement","62","43","4",""
"2014/6/7 10:10:51","258464","movement","63","43","4",""
"2014/6/7 10:10:58","258464","movement","64","42","4",""
"2014/6/7 10:11:05","258464","movement","65","42","4",""
"2014/6/7 10:11:12","258464","movement","66","42","4",""
"2014/6/7 10:11:19","258464","movement","67","41","5",""
"2014/6/7 10:11:26","258464","movement","68","41","5",""
"2014/6/7 10:11:33","258464","movement","69","41","5",""
"2014/6/7 10:11:40","258464","movement","70","42","5",""
"2014/6/7 10:11:47","258464","movement","71","43","5",""
"2014/6/7 10:11:54","258464","movement","72","43","5",""
"2014/6/7 10:12:01","258464","movement","73","44","5",""
"2014/6/7 10:12:08","258464","movement","74","45","5",""
"2014/6/7 10:12:15","258464","movement","75","46","5",""
"2014/6/7 10:12:22","258464","movement","76","47","5",""
"2014/6/7 10:12:29","258464","movement","77","47","5",""
"2014/6/7 10:12:36","258464","movement","78","48","5",""
"2014/6/7 10:16:46","258464","movement","79","47","5",""
"2014/6/7 10:16:53","258464","movement","80","48","5",""
"2014/6/7 10:17:00","258464","movement","81","47","5",""
"2014/6/7 10:17:07","258464","movement","82","46","5",""
"2014/6/7 10:17:14","258464","movement","83","45","5",""
"2014/6/7 10:17:21","258464","movement","84","44","5",""
"2014/6/7 10:17:28","258464","movement","85","45","5",""
"2014/6/7 10:17:35","258464","movement","85","46","5",""
"2014/6/7 10:17:42","258464","movement","86","47","5",""
"2014/6/7 10:17:49","258464","movement","87","48","5",""
"2014/6/7 10:17:56","258464","movement","88","49","5",""
"2014/6/7 10:18:03","258464","movement","89","50","5",""
"2014/6/7 10:18:10","258464","movement","89","51","5",""
"2014/6/7 10:18:17","258464","movement","90","52","5",""
"2014/6/7 10:18:24","258464","movement","90","53","5",""
"2014/6/7 10:18:31","258464","movement","89","54","5",""
"2014/6/7 10:18:38","258464","movement","90","55","5",""
"2014/6/7 10:18:45","258464","movement","90","56","5",""
"2014/6/7 10:18:52","258464","movement","90","57","5",""
"2014/6/7 10:18:59","258464","movement","89","58","5",""
"2014/6/7 10:19:06","258464","movement","90","59","5",""
"2014/6/7 10:19:13","258464","movement","90","60","5",""
"2014/6/7 10:19:20","258464","movement","90","61","5",""
"2014/6/7 10:19:27","258464","movement","90","62","5",""
"2014/6/7 10:19:34","258464","movement","89","63","5",""
"2014/6/7 10:19:41","258464","movement","88","64","5",""
"2014/6/7 10:19:48","258464","movement","89","65","5",""
"2014/6/7 10:19:55","258464","movement","88","66","5",""
"2014/6/7 10:20:02","258464","movement","87","67","5",""
"2014/6/7 10:20:09","258464","movement","86","68","5",""
"2014/6/7 10:20:16","258464","movement","85","69","5",""
"2014/6/7 10:20:23","258464","movement","84","70","5",""
"2014/6/7 10:20:30","258464","movement","83","71","5",""
"2014/6/7 10:20:37","258464","movement","82","71","5",""
"2014/6/7 10:20:44","258464","movement","81","72","5",""
"2014/6/7 10:20:51","258464","movement","80","73","5",""
"2014/6/7 10:20:58","258464","movement","79","73","5",""
"2014/6/7 10:21:05","258464","movement","78","74","5",""
"2014/6/7 10:21:12","258464","movement","77","74","5",""
"2014/6/7 10:21:19","258464","movement","76","75","5",""
"2014/6/7 10:21:26","258464","movement","75","76","5",""
"2014/6/7 10:21:33","258464","movement","74","77","5",""
"2014/6/7 10:21:40","258464","movement","73","78","5",""
"2014/6/7 10:21:47","258464","movement","73","79","5",""
"2014/6/7 10:21:54","258464","movement","72","80","5",""
"2014/6/7 10:22:01","258464","movement","73","81","5",""
"2014/6/7 10:22:08","258464","movement","73","82","5",""
"2014/6/7 10:22:15","258464","movement","74","83","5",""
"2014/6/7 10:22:22","258464","movement","73","84","5",""
"2014/6/7 10:22:27","258464","check-in","73","84","5","12"
"2014/6/7 10:30:18","258464","movement","73","83","5",""
"2014/6/7 10:30:25","258464","movement","72","82","5",""
"2014/6/7 10:30:32","258464","movement","71","81","5",""
"2014/6/7 10:30:39","258464","movement","70","82","5",""
"2014/6/7 10:30:46","258464","movement","69","83","5",""
"2014/6/7 10:30:53","258464","movement","68","84","5",""
"2014/6/7 10:31:00","258464","movement","68","85","5",""
"2014/6/7 10:31:07","258464","movement","68","86","5",""
"2014/6/7 10:31:14","258464","movement","67","87","5",""
"2014/6/7 10:31:21","258464","movement","66","88","5",""
"2014/6/7 10:31:28","258464","movement","65","88","5",""
"2014/6/7 10:31:35","258464","movement","64","88","5",""
"2014/6/7 10:31:42","258464","movement","63","87","5",""
"2014/6/7 10:31:49","258464","movement","62","88","5",""
"2014/6/7 10:31:56","258464","movement","61","89","5",""
"2014/6/7 10:32:03","258464","movement","60","89","5",""
"2014/6/7 10:32:10","258464","movement","59","88","5",""
"2014/6/7 10:32:17","258464","movement","58","88","5",""
"2014/6/7 10:32:24","258464","movement","57","87","5",""
"2014/6/7 10:32:31","258464","movement","56","87","5",""
"2014/6/7 10:32:38","258464","movement","55","87","5",""
"2014/6/7 10:32:45","258464","movement","54","86","5",""
"2014/6/7 10:32:52","258464","movement","53","85","5",""
"2014/6/7 10:32:59","258464","movement","52","84","5",""
"2014/6/7 10:33:06","258464","movement","51","83","5",""
"2014/6/7 10:33:13","258464","movement","50","84","5",""
"2014/6/7 10:33:20","258464","movement","49","83","5",""
"2014/6/7 10:33:27","258464","movement","48","82","5",""
"2014/6/7 10:33:34","258464","movement","47","81","4",""
"2014/6/7 10:33:41","258464","movement","46","80","4",""
"2014/6/7 10:33:48","258464","movement","45","79","4",""
"2014/6/7 10:33:55","258464","movement","44","79","3",""
"2014/6/7 10:34:02","258464","movement","43","78","3",""
"2014/6/7 10:34:09","258464","movement","42","77","3",""
"2014/6/7 10:34:16","258464","movement","41","76","3",""
"2014/6/7 10:34:23","258464","movement","40","75","3",""
"2014/6/7 10:34:30","258464","movement","39","74","3",""
"2014/6/7 10:34:37","258464","movement","38","74","3",""
"2014/6/7 10:34:44","258464","movement","37","73","3",""
"2014/6/7 10:34:51","258464","movement","36","72","3",""
"2014/6/7 10:34:58","258464","movement","35","71","2",""
"2014/6/7 10:35:05","258464","movement","34","70","2",""
"2014/6/7 10:35:12","258464","movement","34","69","2",""
"2014/6/7 10:35:19","258464","movement","34","68","2",""
"2014/6/7 10:35:26","258464","movement","33","67","2",""
"2014/6/7 10:35:33","258464","movement","34","66","2",""
"2014/6/7 10:35:40","258464","movement","35","65","2",""
"2014/6/7 10:35:47","258464","movement","36","64","2",""
"2014/6/7 10:35:54","258464","movement","37","63","2",""
"2014/6/7 10:36:01","258464","movement","38","62","2",""
"2014/6/7 10:36:08","258464","movement","39","61","2",""
"2014/6/7 10:36:15","258464","movement","40","60","2",""
"2014/6/7 10:36:22","258464","movement","41","61","2",""
"2014/6/7 10:36:29","258464","movement","42","60","2",""
"2014/6/7 10:49:38","258464","movement","42","59","2",""
"2014/6/7 10:49:45","258464","movement","43","58","2",""
"2014/6/7 10:49:52","258464","movement","44","57","2",""
"2014/6/7 10:49:59","258464","movement","45","56","4",""
"2014/6/7 10:50:06","258464","movement","46","55","4",""
"2014/6/7 10:50:13","258464","movement","47","54","4",""
"2014/6/7 10:50:20","258464","movement","48","54","4",""
"2014/6/7 10:50:27","258464","movement","49","53","4",""
"2014/6/7 10:50:34","258464","movement","50","52","4",""
"2014/6/7 10:50:41","258464","movement","51","51","4",""
"2014/6/7 10:50:48","258464","movement","52","51","4",""
"2014/6/7 10:50:55","258464","movement","53","50","4",""
"2014/6/7 10:51:02","258464","movement","54","49","4",""
"2014/6/7 10:51:09","258464","movement","55","49","4",""
"2014/6/7 10:51:16","258464","movement","56","48","4",""
"2014/6/7 10:51:23","258464","movement","57","47","4",""
"2014/6/7 10:51:30","258464","movement","58","46","4",""
"2014/6/7 10:51:37","258464","movement","59","45","4",""
"2014/6/7 10:51:44","258464","movement","60","44","4",""
"2014/6/7 10:51:51","258464","movement","61","43","4",""
"2014/6/7 10:51:58","258464","movement","62","44","4",""
"2014/6/7 10:52:05","258464","movement","63","43","4",""
"2014/6/7 10:52:12","258464","movement","64","42","4",""
"2014/6/7 10:52:19","258464","movement","65","42","4",""
"2014/6/7 10:52:26","258464","movement","66","41","4",""
"2014/6/7 10:52:33","258464","movement","67","41","5",""
"2014/6/7 10:52:40","258464","movement","68","42","5",""
"2014/6/7 10:52:47","258464","movement","69","43","5",""
"2014/6/7 10:52:54","258464","movement","70","42","5",""
"2014/6/7 10:53:01","258464","movement","71","42","5",""
"2014/6/7 10:53:08","258464","movement","72","43","5",""
"2014/6/7 10:53:15","258464","movement","73","44","5",""
"2014/6/7 10:53:22","258464","movement","74","45","5",""
"2014/6/7 10:53:29","258464","movement","75","46","5",""
"2014/6/7 10:53:36","258464","movement","76","47","5",""
"2014/6/7 10:53:43","258464","movement","77","48","5",""
"2014/6/7 10:53:50","258464","movement","78","48","5",""
"2014/6/7 10:59:20","258464","movement","79","47","5",""
"2014/6/7 10:59:27","258464","movement","80","46","5",""
"2014/6/7 10:59:34","258464","movement","81","47","5",""
"2014/6/7 10:59:41","258464","movement","82","46","5",""
"2014/6/7 10:59:48","258464","movement","83","45","5",""
"2014/6/7 10:59:55","258464","movement","84","44","5",""
"2014/6/7 11:00:02","258464","movement","85","45","5",""
"2014/6/7 11:00:09","258464","movement","85","46","5",""
"2014/6/7 11:00:16","258464","movement","86","47","5",""
"2014/6/7 11:00:23","258464","movement","87","48","5",""
"2014/6/7 11:00:30","258464","movement","88","49","5",""
"2014/6/7 11:00:37","258464","movement","88","50","5",""
"2014/6/7 11:00:44","258464","movement","88","51","5",""
"2014/6/7 11:00:51","258464","movement","89","52","5",""
"2014/6/7 11:00:58","258464","movement","88","53","5",""
"2014/6/7 11:01:05","258464","movement","88","54","5",""
"2014/6/7 11:01:12","258464","movement","87","55","5",""
"2014/6/7 11:01:19","258464","movement","88","56","5",""
"2014/6/7 11:01:26","258464","movement","88","57","5",""
"2014/6/7 11:01:33","258464","movement","88","58","5",""
"2014/6/7 11:01:40","258464","movement","89","59","5",""
"2014/6/7 11:01:47","258464","movement","89","60","5",""
"2014/6/7 11:01:54","258464","movement","88","61","5",""
"2014/6/7 11:02:01","258464","movement","88","62","5",""
"2014/6/7 11:02:08","258464","movement","87","63","5",""
"2014/6/7 11:02:15","258464","movement","87","64","5",""
"2014/6/7 11:02:22","258464","movement","87","65","5",""
"2014/6/7 11:02:29","258464","movement","87","66","5",""
"2014/6/7 11:02:36","258464","movement","86","67","5",""
"2014/6/7 11:02:43","258464","movement","86","68","5",""
"2014/6/7 11:02:50","258464","movement","85","69","5",""
"2014/6/7 11:02:57","258464","movement","84","70","5",""
"2014/6/7 11:03:04","258464","movement","83","71","5",""
"2014/6/7 11:03:11","258464","movement","82","71","5",""
"2014/6/7 11:03:18","258464","movement","81","72","5",""
"2014/6/7 11:03:25","258464","movement","80","73","5",""
"2014/6/7 11:03:32","258464","movement","79","73","5",""
"2014/6/7 11:03:39","258464","movement","78","73","5",""
"2014/6/7 11:03:46","258464","movement","77","74","5",""
"2014/6/7 11:03:53","258464","movement","76","75","5",""
"2014/6/7 11:04:00","258464","movement","75","76","5",""
"2014/6/7 11:04:07","258464","movement","74","77","5",""
"2014/6/7 11:04:14","258464","movement","73","78","5",""
"2014/6/7 11:04:21","258464","movement","73","79","5",""
"2014/6/7 11:04:28","258464","movement","72","80","5",""
"2014/6/7 11:04:35","258464","movement","72","81","5",""
"2014/6/7 11:04:42","258464","movement","72","82","5",""
"2014/6/7 11:04:49","258464","movement","73","83","5",""
"2014/6/7 11:04:56","258464","movement","73","84","5",""
"2014/6/7 11:05:00","258464","check-in","73","84","5","12"
"2014/6/7 11:15:18","258464","movement","73","83","5",""
"2014/6/7 11:15:25","258464","movement","74","82","5",""
"2014/6/7 11:15:32","258464","movement","73","81","5",""
"2014/6/7 11:15:39","258464","movement","72","80","5",""
"2014/6/7 11:15:46","258464","movement","72","79","5",""
"2014/6/7 11:15:53","258464","movement","73","78","5",""
"2014/6/7 11:16:00","258464","movement","74","77","5",""
"2014/6/7 11:16:07","258464","movement","75","76","5",""
"2014/6/7 11:16:14","258464","movement","76","77","5",""
"2014/6/7 11:16:21","258464","movement","77","76","5",""
"2014/6/7 11:16:28","258464","movement","78","77","5",""
"2014/6/7 11:16:35","258464","movement","79","78","5",""
"2014/6/7 11:16:42","258464","movement","80","77","5",""
"2014/6/7 11:16:49","258464","movement","81","77","5",""
"2014/6/7 11:16:53","258464","check-in","81","77","5","10"
"2014/6/7 11:30:18","258464","movement","80","77","5",""
"2014/6/7 11:30:25","258464","movement","79","76","5",""
"2014/6/7 11:30:32","258464","movement","78","76","5",""
"2014/6/7 11:30:39","258464","movement","77","76","5",""
"2014/6/7 11:30:46","258464","movement","76","75","5",""
"2014/6/7 11:30:53","258464","movement","77","74","5",""
"2014/6/7 11:31:00","258464","movement","78","73","5",""
"2014/6/7 11:31:07","258464","movement","79","74","5",""
"2014/6/7 11:31:14","258464","movement","80","74","5",""
"2014/6/7 11:31:21","258464","movement","81","73","5",""
"2014/6/7 11:31:28","258464","movement","82","72","5",""
"2014/6/7 11:31:35","258464","movement","83","71","5",""
"2014/6/7 11:31:42","258464","movement","84","70","5",""
"2014/6/7 11:31:49","258464","movement","85","69","5",""
"2014/6/7 11:31:56","258464","movement","85","68","5",""
"2014/6/7 11:32:03","258464","movement","86","67","5",""
"2014/6/7 11:32:10","258464","movement","86","66","5",""
"2014/6/7 11:32:17","258464","movement","87","65","5",""
"2014/6/7 11:32:24","258464","movement","88","64","5",""
"2014/6/7 11:32:31","258464","movement","87","63","5",""
"2014/6/7 11:32:38","258464","movement","88","62","5",""
"2014/6/7 11:32:45","258464","movement","88","61","5",""
"2014/6/7 11:32:52","258464","movement","89","60","5",""
"2014/6/7 11:32:59","258464","movement","89","59","5",""
"2014/6/7 11:33:06","258464","movement","90","58","5",""
"2014/6/7 11:33:13","258464","movement","90","57","5",""
"2014/6/7 11:33:20","258464","movement","90","56","5",""
"2014/6/7 11:33:27","258464","movement","90","55","5",""
"2014/6/7 11:33:34","258464","movement","89","54","5",""
"2014/6/7 11:33:41","258464","movement","90","53","5",""
"2014/6/7 11:33:48","258464","movement","89","52","5",""
"2014/6/7 11:33:55","258464","movement","89","51","5",""
"2014/6/7 11:34:02","258464","movement","88","50","5",""
"2014/6/7 11:34:09","258464","movement","89","49","5",""
"2014/6/7 11:34:16","258464","movement","88","48","5",""
"2014/6/7 11:34:23","258464","movement","87","47","5",""
"2014/6/7 11:34:30","258464","movement","86","46","5",""
"2014/6/7 11:34:37","258464","movement","85","45","5",""
"2014/6/7 11:34:44","258464","movement","84","44","5",""
"2014/6/7 11:34:51","258464","movement","83","45","5",""
"2014/6/7 11:34:58","258464","movement","82","46","5",""
"2014/6/7 11:35:05","258464","movement","81","47","5",""
"2014/6/7 11:35:12","258464","movement","80","47","5",""
"2014/6/7 11:35:19","258464","movement","79","47","5",""
"2014/6/7 11:35:26","258464","movement","78","48","5",""
"2014/6/7 11:35:30","258464","check-in","78","48","5","4"
"2014/6/7 12:34:16","258464","check-in","78","48","5","4"
"2014/6/7 13:36:18","258464","movement","79","47","5",""
"2014/6/7 13:36:25","258464","movement","80","46","5",""
"2014/6/7 13:36:32","258464","movement","81","47","5",""
"2014/6/7 13:36:39","258464","movement","82","46","5",""
"2014/6/7 13:36:46","258464","movement","83","45","5",""
"2014/6/7 13:36:53","258464","movement","84","44","5",""
"2014/6/7 13:37:00","258464","movement","85","44","5",""
"2014/6/7 13:37:07","258464","movement","86","44","5",""
"2014/6/7 13:37:12","258464","check-in","86","44","5","6"
"2014/6/7 13:43:18","258464","movement","85","45","5",""
"2014/6/7 13:43:25","258464","movement","84","44","5",""
"2014/6/7 13:43:32","258464","movement","83","44","5",""
"2014/6/7 13:43:39","258464","movement","82","45","5",""
"2014/6/7 13:43:46","258464","movement","81","45","5",""
"2014/6/7 13:43:53","258464","movement","80","46","5",""
"2014/6/7 13:44:00","258464","movement","79","47","5",""
"2014/6/7 13:44:07","258464","movement","78","47","5",""
"2014/6/7 13:44:14","258464","movement","77","47","5",""
"2014/6/7 13:44:21","258464","movement","76","47","5",""
"2014/6/7 13:44:28","258464","movement","75","46","5",""
"2014/6/7 13:44:35","258464","movement","74","45","5",""
"2014/6/7 13:44:42","258464","movement","73","45","5",""
"2014/6/7 13:44:49","258464","movement","72","45","5",""
"2014/6/7 13:44:56","258464","movement","71","44","5",""
"2014/6/7 13:45:03","258464","movement","70","43","5",""
"2014/6/7 13:45:10","258464","movement","69","43","5",""
"2014/6/7 13:45:17","258464","movement","68","43","5",""
"2014/6/7 13:45:24","258464","movement","67","42","5",""
"2014/6/7 13:45:31","258464","movement","66","42","4",""
"2014/6/7 13:45:38","258464","movement","65","41","4",""
"2014/6/7 13:45:45","258464","movement","64","40","4",""
"2014/6/7 13:45:52","258464","movement","63","39","4",""
"2014/6/7 13:45:59","258464","movement","63","38","4",""
"2014/6/7 13:46:06","258464","movement","62","37","4",""
"2014/6/7 13:46:13","258464","movement","61","36","4",""
"2014/6/7 13:46:20","258464","movement","60","37","4",""
"2014/6/7 13:46:25","258464","check-in","60","37","4","72"
"2014/6/7 14:15:17","258464","movement","61","36","4",""
"2014/6/7 14:15:24","258464","movement","62","35","4",""
"2014/6/7 14:15:31","258464","movement","62","34","4",""
"2014/6/7 14:15:38","258464","movement","61","33","4",""
"2014/6/7 14:15:45","258464","movement","60","33","4",""
"2014/6/7 14:15:52","258464","movement","59","32","4",""
"2014/6/7 14:15:59","258464","movement","58","32","4",""
"2014/6/7 14:16:06","258464","movement","57","32","4",""
"2014/6/7 14:16:13","258464","movement","56","31","4",""
"2014/6/7 14:16:20","258464","movement","55","30","4",""
"2014/6/7 14:16:27","258464","movement","54","29","4",""
"2014/6/7 14:16:34","258464","movement","53","29","4",""
"2014/6/7 14:16:41","258464","movement","52","28","4",""
"2014/6/7 14:19:33","258464","movement","53","29","4",""
"2014/6/7 14:19:40","258464","movement","54","30","4",""
"2014/6/7 14:19:47","258464","movement","55","30","4",""
"2014/6/7 14:19:54","258464","movement","56","31","4",""
"2014/6/7 14:20:01","258464","movement","57","31","4",""
"2014/6/7 14:20:08","258464","movement","58","31","4",""
"2014/6/7 14:20:15","258464","movement","59","31","4",""
"2014/6/7 14:20:22","258464","movement","60","32","4",""
"2014/6/7 14:20:29","258464","movement","61","33","4",""
"2014/6/7 14:20:36","258464","movement","62","34","4",""
"2014/6/7 14:20:43","258464","movement","63","35","4",""
"2014/6/7 14:20:50","258464","movement","63","36","4",""
"2014/6/7 14:20:57","258464","movement","63","37","4",""
"2014/6/7 14:21:04","258464","movement","64","38","4",""
"2014/6/7 14:21:11","258464","movement","64","39","4",""
"2014/6/7 14:21:18","258464","movement","64","40","4",""
"2014/6/7 14:21:25","258464","movement","65","41","4",""
"2014/6/7 14:21:32","258464","movement","65","42","4",""
"2014/6/7 14:21:39","258464","movement","64","43","4",""
"2014/6/7 14:21:46","258464","movement","64","44","4",""
"2014/6/7 14:21:53","258464","movement","63","45","4",""
"2014/6/7 14:22:00","258464","movement","63","46","4",""
"2014/6/7 14:22:07","258464","movement","64","47","4",""
"2014/6/7 14:22:14","258464","movement","65","48","4",""
"2014/6/7 14:22:21","258464","movement","65","49","4",""
"2014/6/7 14:22:28","258464","movement","66","50","4",""
"2014/6/7 14:22:35","258464","movement","65","51","4",""
"2014/6/7 14:22:42","258464","movement","66","52","4",""
"2014/6/7 14:22:49","258464","movement","66","53","4",""
"2014/6/7 14:22:56","258464","movement","65","54","4",""
"2014/6/7 14:23:03","258464","movement","66","55","4",""
"2014/6/7 14:23:10","258464","movement","67","56","5",""
"2014/6/7 14:23:17","258464","movement","68","57","5",""
"2014/6/7 14:23:24","258464","movement","68","58","5",""
"2014/6/7 14:23:31","258464","movement","69","59","5",""
"2014/6/7 14:23:38","258464","movement","68","60","5",""
"2014/6/7 14:23:45","258464","movement","69","61","5",""
"2014/6/7 14:23:52","258464","movement","69","62","5",""
"2014/6/7 14:23:59","258464","movement","70","63","5",""
"2014/6/7 14:24:06","258464","movement","69","64","5",""
"2014/6/7 14:24:13","258464","movement","68","65","5",""
"2014/6/7 14:24:20","258464","movement","68","66","5",""
"2014/6/7 14:24:27","258464","movement","68","67","5",""
"2014/6/7 14:24:34","258464","movement","69","68","5",""
"2014/6/7 14:24:41","258464","movement","68","69","5",""
"2014/6/7 14:24:48","258464","movement","68","70","5",""
"2014/6/7 14:24:55","258464","movement","69","71","5",""
"2014/6/7 14:25:02","258464","movement","69","72","5",""
"2014/6/7 14:25:09","258464","movement","69","73","5",""
"2014/6/7 14:25:16","258464","movement","69","74","5",""
"2014/6/7 14:25:23","258464","movement","69","75","5",""
"2014/6/7 14:25:30","258464","movement","70","76","5",""
"2014/6/7 14:25:37","258464","movement","69","77","5",""
"2014/6/7 14:25:44","258464","movement","68","78","5",""
"2014/6/7 14:25:51","258464","movement","69","79","5",""
"2014/6/7 14:25:58","258464","movement","70","80","5",""
"2014/6/7 14:26:05","258464","movement","71","81","5",""
"2014/6/7 14:26:12","258464","movement","72","82","5",""
"2014/6/7 14:26:19","258464","movement","73","83","5",""
"2014/6/7 14:26:26","258464","movement","73","84","5",""
"2014/6/7 14:26:30","258464","check-in","73","84","5","12"
"2014/6/7 14:35:16","258464","check-in","73","84","5","12"
"2014/6/7 14:45:18","258464","movement","74","85","5",""
"2014/6/7 14:45:25","258464","movement","75","86","5",""
"2014/6/7 14:45:32","258464","movement","76","87","5",""
"2014/6/7 14:45:39","258464","movement","77","87","5",""
"2014/6/7 14:45:46","258464","movement","78","87","5",""
"2014/6/7 14:45:53","258464","movement","79","87","5",""
"2014/6/7 14:45:57","258464","check-in","79","87","5","13"
"2014/6/7 14:49:48","258464","movement","80","88","5",""
"2014/6/7 14:49:55","258464","movement","81","87","5",""
"2014/6/7 14:50:02","258464","movement","82","86","5",""
"2014/6/7 14:50:09","258464","movement","83","85","5",""
"2014/6/7 14:50:16","258464","movement","84","84","5",""
"2014/6/7 14:50:23","258464","movement","85","83","5",""
"2014/6/7 14:50:30","258464","movement","86","82","5",""
"2014/6/7 14:50:37","258464","movement","87","81","5",""
"2014/6/7 14:50:42","258464","check-in","87","81","5","19"
"2014/6/7 14:54:18","258464","movement","86","80","5",""
"2014/6/7 14:54:25","258464","movement","85","79","5",""
"2014/6/7 14:54:32","258464","movement","84","79","5",""
"2014/6/7 14:54:39","258464","movement","83","78","5",""
"2014/6/7 14:54:46","258464","movement","82","79","5",""
"2014/6/7 14:54:53","258464","movement","81","78","5",""
"2014/6/7 14:55:00","258464","movement","80","77","5",""
"2014/6/7 14:55:07","258464","movement","79","78","5",""
"2014/6/7 14:55:14","258464","movement","78","77","5",""
"2014/6/7 14:55:21","258464","movement","77","77","5",""
"2014/6/7 14:55:28","258464","movement","76","77","5",""
"2014/6/7 14:55:35","258464","movement","75","77","5",""
"2014/6/7 14:55:42","258464","movement","74","77","5",""
"2014/6/7 14:55:49","258464","movement","73","76","5",""
"2014/6/7 14:55:56","258464","movement","72","76","5",""
"2014/6/7 14:56:03","258464","movement","71","77","5",""
"2014/6/7 14:56:10","258464","movement","70","76","5",""
"2014/6/7 14:56:17","258464","movement","69","75","5",""
"2014/6/7 14:56:24","258464","movement","69","74","5",""
"2014/6/7 14:56:31","258464","movement","69","73","5",""
"2014/6/7 14:56:38","258464","movement","68","72","5",""
"2014/6/7 14:56:45","258464","movement","68","71","5",""
"2014/6/7 14:56:52","258464","movement","69","70","5",""
"2014/6/7 14:56:59","258464","movement","68","69","5",""
"2014/6/7 14:57:06","258464","movement","69","68","5",""
"2014/6/7 14:57:13","258464","movement","68","67","5",""
"2014/6/7 14:57:20","258464","movement","68","66","5",""
"2014/6/7 14:57:27","258464","movement","68","65","5",""
"2014/6/7 14:57:34","258464","movement","69","64","5",""
"2014/6/7 14:57:41","258464","movement","70","63","5",""
"2014/6/7 14:57:48","258464","movement","69","62","5",""
"2014/6/7 14:57:55","258464","movement","69","61","5",""
"2014/6/7 14:58:02","258464","movement","69","60","5",""
"2014/6/7 14:58:09","258464","movement","69","59","5",""
"2014/6/7 14:58:16","258464","movement","69","58","5",""
"2014/6/7 14:58:23","258464","movement","68","57","5",""
"2014/6/7 14:58:30","258464","movement","67","56","5",""
"2014/6/7 14:58:37","258464","movement","66","55","4",""
"2014/6/7 14:58:44","258464","movement","66","54","4",""
"2014/6/7 14:58:51","258464","movement","66","53","4",""
"2014/6/7 14:58:58","258464","movement","65","52","4",""
"2014/6/7 14:59:05","258464","movement","66","51","4",""
"2014/6/7 14:59:12","258464","movement","65","50","4",""
"2014/6/7 14:59:19","258464","movement","66","49","4",""
"2014/6/7 14:59:26","258464","movement","66","48","4",""
"2014/6/7 14:59:33","258464","movement","66","47","4",""
"2014/6/7 14:59:40","258464","movement","65","46","4",""
"2014/6/7 14:59:47","258464","movement","64","45","4",""
"2014/6/7 14:59:54","258464","movement","63","44","4",""
"2014/6/7 15:00:01","258464","movement","64","43","4",""
"2014/6/7 15:00:08","258464","movement","64","42","4",""
"2014/6/7 15:00:15","258464","movement","63","41","4",""
"2014/6/7 15:00:22","258464","movement","64","40","4",""
"2014/6/7 15:00:29","258464","movement","64","39","4",""
"2014/6/7 15:00:36","258464","movement","63","38","4",""
"2014/6/7 15:00:43","258464","movement","62","37","4",""
"2014/6/7 15:00:50","258464","movement","61","37","4",""
"2014/6/7 15:00:57","258464","movement","60","37","4",""
"2014/6/7 15:01:02","258464","check-in","60","37","4","72"
"2014/6/7 15:21:37","258464","movement","61","37","4",""
"2014/6/7 15:21:44","258464","movement","62","37","4",""
"2014/6/7 15:21:51","258464","movement","63","38","4",""
"2014/6/7 15:21:58","258464","movement","64","39","4",""
"2014/6/7 15:22:05","258464","movement","63","40","4",""
"2014/6/7 15:22:12","258464","movement","62","41","4",""
"2014/6/7 15:22:19","258464","movement","62","42","4",""
"2014/6/7 15:22:26","258464","movement","62","43","4",""
"2014/6/7 15:22:33","258464","movement","63","44","4",""
"2014/6/7 15:22:40","258464","movement","64","45","4",""
"2014/6/7 15:22:47","258464","movement","63","46","4",""
"2014/6/7 15:22:54","258464","movement","64","47","4",""
"2014/6/7 15:23:01","258464","movement","65","48","4",""
"2014/6/7 15:23:08","258464","movement","65","49","4",""
"2014/6/7 15:23:15","258464","movement","65","50","4",""
"2014/6/7 15:23:22","258464","movement","65","51","4",""
"2014/6/7 15:23:29","258464","movement","65","52","4",""
"2014/6/7 15:23:36","258464","movement","66","53","4",""
"2014/6/7 15:23:43","258464","movement","66","54","4",""
"2014/6/7 15:23:50","258464","movement","66","55","4",""
"2014/6/7 15:23:57","258464","movement","67","56","5",""
"2014/6/7 15:24:04","258464","movement","68","57","5",""
"2014/6/7 15:24:11","258464","movement","69","58","5",""
"2014/6/7 15:24:18","258464","movement","69","59","5",""
"2014/6/7 15:24:25","258464","movement","69","60","5",""
"2014/6/7 15:24:32","258464","movement","70","61","5",""
"2014/6/7 15:24:39","258464","movement","70","62","5",""
"2014/6/7 15:24:46","258464","movement","70","63","5",""
"2014/6/7 15:24:53","258464","movement","69","64","5",""
"2014/6/7 15:25:00","258464","movement","68","65","5",""
"2014/6/7 15:25:07","258464","movement","69","66","5",""
"2014/6/7 15:25:14","258464","movement","69","67","5",""
"2014/6/7 15:25:21","258464","movement","68","68","5",""
"2014/6/7 15:25:28","258464","movement","68","69","5",""
"2014/6/7 15:25:35","258464","movement","68","70","5",""
"2014/6/7 15:25:42","258464","movement","68","71","5",""
"2014/6/7 15:25:49","258464","movement","69","72","5",""
"2014/6/7 15:25:56","258464","movement","68","73","5",""
"2014/6/7 15:26:03","258464","movement","69","74","5",""
"2014/6/7 15:26:10","258464","movement","68","75","5",""
"2014/6/7 15:26:17","258464","movement","68","76","5",""
"2014/6/7 15:26:24","258464","movement","68","77","5",""
"2014/6/7 15:26:31","258464","movement","68","78","5",""
"2014/6/7 15:26:38","258464","movement","69","79","5",""
"2014/6/7 15:26:45","258464","movement","70","80","5",""
"2014/6/7 15:26:52","258464","movement","71","81","5",""
"2014/6/7 15:26:59","258464","movement","72","82","5",""
"2014/6/7 15:27:06","258464","movement","73","83","5",""
"2014/6/7 15:27:13","258464","movement","73","84","5",""
"2014/6/7 15:27:20","258464","movement","74","85","5",""
"2014/6/7 15:27:27","258464","movement","75","86","5",""
"2014/6/7 15:27:34","258464","movement","76","87","5",""
"2014/6/7 15:27:41","258464","movement","77","87","5",""
"2014/6/7 15:27:48","258464","movement","78","88","5",""
"2014/6/7 15:27:55","258464","movement","79","88","5",""
"2014/6/7 15:28:02","258464","movement","80","88","5",""
"2014/6/7 15:28:09","258464","movement","81","88","5",""
"2014/6/7 15:28:16","258464","movement","82","87","5",""
"2014/6/7 15:28:23","258464","movement","83","87","5",""
"2014/6/7 15:28:30","258464","movement","84","86","5",""
"2014/6/7 15:28:37","258464","movement","85","86","5",""
"2014/6/7 15:28:42","258464","check-in","85","86","5","18"
"2014/6/7 15:33:18","258464","movement","84","86","5",""
"2014/6/7 15:33:25","258464","movement","83","86","5",""
"2014/6/7 15:33:32","258464","movement","82","87","5",""
"2014/6/7 15:33:39","258464","movement","81","87","5",""
"2014/6/7 15:33:46","258464","movement","80","88","5",""
"2014/6/7 15:33:53","258464","movement","79","88","5",""
"2014/6/7 15:34:00","258464","movement","78","89","5",""
"2014/6/7 15:34:07","258464","movement","77","88","5",""
"2014/6/7 15:34:14","258464","movement","76","88","5",""
"2014/6/7 15:34:18","258464","check-in","76","88","5","14"
"2014/6/7 15:38:48","258464","movement","76","87","5",""
"2014/6/7 15:38:55","258464","movement","75","86","5",""
"2014/6/7 15:39:02","258464","movement","75","85","5",""
"2014/6/7 15:39:09","258464","movement","74","84","5",""
"2014/6/7 15:39:16","258464","movement","73","83","5",""
"2014/6/7 15:39:23","258464","movement","74","82","5",""
"2014/6/7 15:39:30","258464","movement","73","81","5",""
"2014/6/7 15:39:37","258464","movement","72","80","5",""
"2014/6/7 15:39:44","258464","movement","73","79","5",""
"2014/6/7 15:39:51","258464","movement","73","78","5",""
"2014/6/7 15:39:58","258464","movement","74","77","5",""
"2014/6/7 15:40:05","258464","movement","75","76","5",""
"2014/6/7 15:40:12","258464","movement","76","75","5",""
"2014/6/7 15:40:19","258464","movement","77","74","5",""
"2014/6/7 15:40:26","258464","movement","78","74","5",""
"2014/6/7 15:40:33","258464","movement","79","74","5",""
"2014/6/7 15:40:40","258464","movement","80","74","5",""
"2014/6/7 15:40:47","258464","movement","81","73","5",""
"2014/6/7 15:40:54","258464","movement","82","72","5",""
"2014/6/7 15:41:01","258464","movement","83","71","5",""
"2014/6/7 15:41:08","258464","movement","84","70","5",""
"2014/6/7 15:41:15","258464","movement","85","69","5",""
"2014/6/7 15:41:22","258464","movement","86","68","5",""
"2014/6/7 15:41:29","258464","movement","87","67","5",""
"2014/6/7 15:41:36","258464","movement","86","66","5",""
"2014/6/7 15:41:43","258464","movement","87","65","5",""
"2014/6/7 15:41:50","258464","movement","87","64","5",""
"2014/6/7 15:41:57","258464","movement","88","63","5",""
"2014/6/7 15:42:04","258464","movement","89","62","5",""
"2014/6/7 15:42:11","258464","movement","90","61","5",""
"2014/6/7 15:42:18","258464","movement","89","60","5",""
"2014/6/7 15:42:25","258464","movement","90","59","5",""
"2014/6/7 15:42:32","258464","movement","89","58","5",""
"2014/6/7 15:42:39","258464","movement","90","57","5",""
"2014/6/7 15:42:46","258464","movement","90","56","5",""
"2014/6/7 15:42:53","258464","movement","90","55","5",""
"2014/6/7 15:43:00","258464","movement","90","54","5",""
"2014/6/7 15:43:07","258464","movement","90","53","5",""
"2014/6/7 15:43:14","258464","movement","89","52","5",""
"2014/6/7 15:43:21","258464","movement","88","51","5",""
"2014/6/7 15:43:28","258464","movement","89","50","5",""
"2014/6/7 15:43:35","258464","movement","88","49","5",""
"2014/6/7 15:43:42","258464","movement","89","48","5",""
"2014/6/7 15:43:49","258464","movement","89","47","5",""
"2014/6/7 15:43:56","258464","movement","88","46","5",""
"2014/6/7 15:44:03","258464","movement","87","45","5",""
"2014/6/7 15:44:10","258464","movement","86","44","5",""
"2014/6/7 15:44:14","258464","check-in","86","44","5","6"
"2014/6/7 15:49:18","258464","movement","85","45","5",""
"2014/6/7 15:49:25","258464","movement","84","44","5",""
"2014/6/7 15:49:32","258464","movement","83","43","5",""
"2014/6/7 15:49:39","258464","movement","82","44","5",""
"2014/6/7 15:49:46","258464","movement","81","45","5",""
"2014/6/7 15:49:53","258464","movement","80","46","5",""
"2014/6/7 15:50:00","258464","movement","79","47","5",""
"2014/6/7 15:50:07","258464","movement","78","48","5",""
"2014/6/7 15:50:14","258464","movement","77","48","5",""
"2014/6/7 15:50:21","258464","movement","76","47","5",""
"2014/6/7 15:50:28","258464","movement","75","46","5",""
"2014/6/7 15:50:35","258464","movement","74","46","5",""
"2014/6/7 15:50:42","258464","movement","73","47","5",""
"2014/6/7 15:50:49","258464","movement","72","46","5",""
"2014/6/7 15:50:56","258464","movement","71","45","5",""
"2014/6/7 15:51:03","258464","movement","70","44","5",""
"2014/6/7 15:51:10","258464","movement","69","43","5",""
"2014/6/7 15:51:17","258464","movement","68","43","5",""
"2014/6/7 15:51:24","258464","movement","67","42","5",""
"2014/6/7 15:51:31","258464","movement","66","41","4",""
"2014/6/7 15:51:38","258464","movement","65","42","4",""
"2014/6/7 15:51:45","258464","movement","64","42","4",""
"2014/6/7 15:51:52","258464","movement","63","43","4",""
"2014/6/7 15:51:59","258464","movement","62","44","4",""
"2014/6/7 15:52:06","258464","movement","61","43","4",""
"2014/6/7 15:52:13","258464","movement","60","44","4",""
"2014/6/7 15:52:20","258464","movement","59","45","4",""
"2014/6/7 15:52:27","258464","movement","58","46","4",""
"2014/6/7 15:52:34","258464","movement","57","47","4",""
"2014/6/7 15:52:41","258464","movement","56","48","4",""
"2014/6/7 15:52:48","258464","movement","55","49","4",""
"2014/6/7 15:52:55","258464","movement","55","50","4",""
"2014/6/7 15:56:29","258464","movement","55","49","4",""
"2014/6/7 15:56:36","258464","movement","56","48","4",""
"2014/6/7 15:56:43","258464","movement","57","47","4",""
"2014/6/7 15:56:50","258464","movement","58","46","4",""
"2014/6/7 15:56:57","258464","movement","59","45","4",""
"2014/6/7 15:57:04","258464","movement","60","44","4",""
"2014/6/7 15:57:11","258464","movement","61","43","4",""
"2014/6/7 15:57:18","258464","movement","62","44","4",""
"2014/6/7 15:57:25","258464","movement","62","45","4",""
"2014/6/7 15:57:32","258464","movement","63","46","4",""
"2014/6/7 15:57:39","258464","movement","64","47","4",""
"2014/6/7 15:57:46","258464","movement","65","48","4",""
"2014/6/7 15:57:53","258464","movement","66","49","4",""
"2014/6/7 15:58:00","258464","movement","65","50","4",""
"2014/6/7 15:58:07","258464","movement","66","51","4",""
"2014/6/7 15:58:14","258464","movement","66","52","4",""
"2014/6/7 15:58:21","258464","movement","66","53","4",""
"2014/6/7 15:58:28","258464","movement","66","54","4",""
"2014/6/7 15:58:35","258464","movement","66","55","4",""
"2014/6/7 15:58:42","258464","movement","67","56","5",""
"2014/6/7 15:58:49","258464","movement","68","57","5",""
"2014/6/7 15:58:56","258464","movement","68","58","5",""
"2014/6/7 15:59:03","258464","movement","69","59","5",""
"2014/6/7 15:59:10","258464","movement","68","60","5",""
"2014/6/7 15:59:17","258464","movement","69","61","5",""
"2014/6/7 15:59:24","258464","movement","70","62","5",""
"2014/6/7 15:59:31","258464","movement","69","63","5",""
"2014/6/7 15:59:38","258464","movement","69","64","5",""
"2014/6/7 15:59:45","258464","movement","68","65","5",""
"2014/6/7 15:59:52","258464","movement","67","66","5",""
"2014/6/7 15:59:59","258464","movement","67","67","5",""
"2014/6/7 16:00:06","258464","movement","68","68","5",""
"2014/6/7 16:00:13","258464","movement","68","69","5",""
"2014/6/7 16:00:20","258464","movement","68","70","5",""
"2014/6/7 16:00:27","258464","movement","69","71","5",""
"2014/6/7 16:00:34","258464","movement","69","72","5",""
"2014/6/7 16:00:41","258464","movement","69","73","5",""
"2014/6/7 16:00:48","258464","movement","69","74","5",""
"2014/6/7 16:00:55","258464","movement","69","75","5",""
"2014/6/7 16:01:02","258464","movement","70","76","5",""
"2014/6/7 16:01:09","258464","movement","71","77","5",""
"2014/6/7 16:01:16","258464","movement","72","78","5",""
"2014/6/7 16:01:23","258464","movement","73","78","5",""
"2014/6/7 16:01:30","258464","movement","74","77","5",""
"2014/6/7 16:01:37","258464","movement","75","76","5",""
"2014/6/7 16:01:44","258464","movement","76","77","5",""
"2014/6/7 16:01:51","258464","movement","77","77","5",""
"2014/6/7 16:01:58","258464","movement","78","77","5",""
"2014/6/7 16:02:05","258464","movement","79","78","5",""
"2014/6/7 16:02:12","258464","movement","80","77","5",""
"2014/6/7 16:02:19","258464","movement","81","77","5",""
"2014/6/7 16:02:26","258464","movement","82","78","5",""
"2014/6/7 16:02:33","258464","movement","83","78","5",""
"2014/6/7 16:02:40","258464","movement","84","78","5",""
"2014/6/7 16:46:43","258464","movement","83","78","5",""
"2014/6/7 16:46:50","258464","movement","82","79","5",""
"2014/6/7 16:46:57","258464","movement","81","79","5",""
"2014/6/7 16:47:04","258464","movement","80","78","5",""
"2014/6/7 16:47:11","258464","movement","79","78","5",""
"2014/6/7 16:47:18","258464","movement","78","77","5",""
"2014/6/7 16:47:25","258464","movement","77","78","5",""
"2014/6/7 16:47:32","258464","movement","76","77","5",""
"2014/6/7 16:47:39","258464","movement","75","76","5",""
"2014/6/7 16:47:46","258464","movement","74","77","5",""
"2014/6/7 16:47:53","258464","movement","73","78","5",""
"2014/6/7 16:48:00","258464","movement","73","79","5",""
"2014/6/7 16:48:07","258464","movement","72","80","5",""
"2014/6/7 16:48:14","258464","movement","71","81","5",""
"2014/6/7 16:48:21","258464","movement","70","82","5",""
"2014/6/7 16:48:28","258464","movement","70","83","5",""
"2014/6/7 16:48:35","258464","movement","69","84","5",""
"2014/6/7 16:48:42","258464","movement","68","85","5",""
"2014/6/7 16:48:49","258464","movement","68","86","5",""
"2014/6/7 16:48:56","258464","movement","67","87","5",""
"2014/6/7 16:49:03","258464","movement","66","88","5",""
"2014/6/7 16:49:10","258464","movement","65","88","5",""
"2014/6/7 16:49:17","258464","movement","64","87","5",""
"2014/6/7 16:49:24","258464","movement","63","88","5",""
"2014/6/7 16:49:31","258464","movement","62","87","5",""
"2014/6/7 16:49:38","258464","movement","61","87","5",""
"2014/6/7 16:49:45","258464","movement","60","88","5",""
"2014/6/7 16:49:52","258464","movement","59","88","5",""
"2014/6/7 16:49:59","258464","movement","58","87","5",""
"2014/6/7 16:50:06","258464","movement","57","88","5",""
"2014/6/7 16:50:13","258464","movement","56","87","5",""
"2014/6/7 16:50:20","258464","movement","55","86","5",""
"2014/6/7 16:50:27","258464","movement","54","85","5",""
"2014/6/7 16:50:34","258464","movement","53","86","5",""
"2014/6/7 16:50:41","258464","movement","52","85","5",""
"2014/6/7 16:50:48","258464","movement","51","84","5",""
"2014/6/7 16:50:55","258464","movement","50","84","5",""
"2014/6/7 16:51:02","258464","movement","49","83","5",""
"2014/6/7 16:51:09","258464","movement","48","82","5",""
"2014/6/7 16:51:16","258464","movement","47","81","4",""
"2014/6/7 16:51:23","258464","movement","46","80","4",""
"2014/6/7 16:51:30","258464","movement","45","79","4",""
"2014/6/7 16:51:37","258464","movement","44","79","3",""
"2014/6/7 16:51:44","258464","movement","43","78","3",""
"2014/6/7 16:51:51","258464","movement","42","77","3",""
"2014/6/7 16:51:58","258464","movement","41","76","3",""
"2014/6/7 16:52:05","258464","movement","40","75","3",""
"2014/6/7 16:52:12","258464","movement","39","75","3",""
"2014/6/7 16:52:19","258464","movement","38","74","3",""
"2014/6/7 16:52:26","258464","movement","37","73","3",""
"2014/6/7 16:52:33","258464","movement","36","72","3",""
"2014/6/7 16:52:40","258464","movement","35","71","2",""
"2014/6/7 16:52:47","258464","movement","34","70","2",""
"2014/6/7 16:52:54","258464","movement","33","69","2",""
"2014/6/7 16:53:01","258464","movement","33","68","2",""
"2014/6/7 16:53:08","258464","movement","32","67","2",""
"2014/6/7 16:53:15","258464","movement","31","67","2",""
"2014/6/7 16:53:22","258464","movement","30","66","2",""
"2014/6/7 16:53:29","258464","movement","29","67","2",""
"2014/6/7 17:22:02","258464","movement","30","67","2",""
"2014/6/7 17:22:09","258464","movement","31","66","2",""
"2014/6/7 17:22:16","258464","movement","32","67","2",""
"2014/6/7 17:22:23","258464","movement","33","68","2",""
"2014/6/7 17:22:30","258464","movement","33","69","2",""
"2014/6/7 17:22:37","258464","movement","34","70","2",""
"2014/6/7 17:22:44","258464","movement","35","71","2",""
"2014/6/7 17:22:51","258464","movement","36","72","3",""
"2014/6/7 17:22:58","258464","movement","37","73","3",""
"2014/6/7 17:23:05","258464","movement","38","74","3",""
"2014/6/7 17:23:12","258464","movement","39","75","3",""
"2014/6/7 17:23:19","258464","movement","40","75","3",""
"2014/6/7 17:23:26","258464","movement","41","76","3",""
"2014/6/7 17:23:33","258464","movement","42","77","3",""
"2014/6/7 17:23:40","258464","movement","43","78","3",""
"2014/6/7 17:23:47","258464","movement","44","78","3",""
"2014/6/7 17:23:54","258464","movement","45","79","4",""
"2014/6/7 17:24:01","258464","movement","46","80","4",""
"2014/6/7 17:24:08","258464","movement","47","81","4",""
"2014/6/7 17:24:15","258464","movement","48","82","5",""
"2014/6/7 17:24:22","258464","movement","49","83","5",""
"2014/6/7 17:24:29","258464","movement","50","84","5",""
"2014/6/7 17:24:36","258464","movement","51","85","5",""
"2014/6/7 17:24:43","258464","movement","52","85","5",""
"2014/6/7 17:24:50","258464","movement","53","86","5",""
"2014/6/7 17:24:57","258464","movement","54","86","5",""
"2014/6/7 17:25:04","258464","movement","55","86","5",""
"2014/6/7 17:25:11","258464","movement","56","86","5",""
"2014/6/7 17:25:18","258464","movement","57","85","5",""
"2014/6/7 17:25:25","258464","movement","58","84","5",""
"2014/6/7 17:25:32","258464","movement","57","83","5",""
"2014/6/7 17:25:39","258464","movement","58","82","5",""
"2014/6/7 17:25:46","258464","movement","58","81","4",""
"2014/6/7 17:25:53","258464","movement","58","80","4",""
"2014/6/7 17:26:00","258464","movement","59","79","4",""
"2014/6/7 17:26:07","258464","movement","59","78","4",""
"2014/6/7 17:26:14","258464","movement","58","77","4",""
"2014/6/7 17:26:21","258464","movement","57","76","4",""
"2014/6/7 17:26:28","258464","movement","58","75","4",""
"2014/6/7 17:26:35","258464","movement","58","74","4",""
"2014/6/7 17:26:42","258464","movement","57","73","4",""
"2014/6/7 17:26:49","258464","movement","58","72","4",""
"2014/6/7 17:26:56","258464","movement","57","71","4",""
"2014/6/7 17:27:03","258464","movement","57","70","4",""
"2014/6/7 17:27:10","258464","movement","58","69","4",""
"2014/6/7 17:27:17","258464","movement","58","68","4",""
"2014/6/7 17:27:24","258464","movement","58","67","4",""
"2014/6/7 17:27:31","258464","movement","58","66","4",""
"2014/6/7 17:27:38","258464","movement","58","65","4",""
"2014/6/7 17:27:45","258464","movement","57","64","4",""
"2014/6/7 17:34:22","258464","movement","58","63","4",""
"2014/6/7 17:34:29","258464","movement","58","62","4",""
"2014/6/7 17:34:36","258464","movement","57","61","4",""
"2014/6/7 17:34:43","258464","movement","58","60","4",""
"2014/6/7 17:34:50","258464","movement","58","59","4",""
"2014/6/7 17:34:57","258464","movement","57","58","4",""
"2014/6/7 17:35:04","258464","movement","58","57","4",""
"2014/6/7 17:35:11","258464","movement","59","56","4",""
"2014/6/7 17:35:18","258464","movement","60","56","4",""
"2014/6/7 17:35:25","258464","movement","61","55","4",""
"2014/6/7 17:35:32","258464","movement","62","56","4",""
"2014/6/7 17:35:39","258464","movement","63","55","4",""
"2014/6/7 17:35:46","258464","movement","64","55","4",""
"2014/6/7 17:35:53","258464","movement","65","54","4",""
"2014/6/7 17:36:00","258464","movement","65","53","4",""
"2014/6/7 17:36:07","258464","movement","65","52","4",""
"2014/6/7 17:36:14","258464","movement","66","51","4",""
"2014/6/7 17:36:21","258464","movement","65","50","4",""
"2014/6/7 17:36:28","258464","movement","66","49","4",""
"2014/6/7 17:36:35","258464","movement","65","48","4",""
"2014/6/7 17:36:42","258464","movement","65","47","4",""
"2014/6/7 17:36:49","258464","movement","64","46","4",""
"2014/6/7 17:36:56","258464","movement","64","45","4",""
"2014/6/7 17:37:03","258464","movement","63","44","4",""
"2014/6/7 17:37:10","258464","movement","62","43","4",""
"2014/6/7 17:37:17","258464","movement","63","42","4",""
"2014/6/7 17:37:24","258464","movement","62","41","4",""
"2014/6/7 17:37:31","258464","movement","63","40","4",""
"2014/6/7 17:37:38","258464","movement","63","39","4",""
"2014/6/7 17:37:45","258464","movement","64","38","4",""
"2014/6/7 17:37:52","258464","movement","65","37","4",""
"2014/6/7 17:37:59","258464","movement","64","36","4",""
"2014/6/7 17:38:06","258464","movement","63","35","4",""
"2014/6/7 17:38:13","258464","movement","63","34","4",""
"2014/6/7 17:38:20","258464","movement","62","33","4",""
"2014/6/7 17:38:27","258464","movement","62","32","4",""
"2014/6/7 17:38:34","258464","movement","62","31","4",""
"2014/6/7 17:38:41","258464","movement","63","30","4",""
"2014/6/7 17:38:48","258464","movement","64","29","4",""
"2014/6/7 17:38:55","258464","movement","65","28","4",""
"2014/6/7 17:39:02","258464","movement","66","27","4",""
"2014/6/7 17:39:09","258464","movement","67","26","5",""
"2014/6/7 17:39:16","258464","movement","68","25","5",""
"2014/6/7 17:39:23","258464","movement","69","24","5",""
"2014/6/7 17:39:30","258464","movement","70","24","5",""
"2014/6/7 17:39:37","258464","movement","71","25","5",""
"2014/6/7 17:39:44","258464","movement","72","25","5",""
"2014/6/7 17:39:51","258464","movement","73","25","5",""
"2014/6/7 17:39:58","258464","movement","74","24","5",""
"2014/6/7 17:40:05","258464","movement","75","23","5",""
"2014/6/7 17:40:12","258464","movement","76","23","5",""
"2014/6/7 17:40:19","258464","movement","77","24","5",""
"2014/6/7 17:40:26","258464","movement","78","24","5",""
"2014/6/7 17:40:33","258464","movement","79","25","5",""
"2014/6/7 18:08:10","258464","movement","78","25","5",""
"2014/6/7 18:08:17","258464","movement","77","24","5",""
"2014/6/7 18:08:24","258464","movement","76","24","5",""
"2014/6/7 18:08:31","258464","movement","75","24","5",""
"2014/6/7 18:08:38","258464","movement","74","24","5",""
"2014/6/7 18:08:45","258464","movement","73","24","5",""
"2014/6/7 18:08:52","258464","movement","72","25","5",""
"2014/6/7 18:08:59","258464","movement","71","25","5",""
"2014/6/7 18:09:06","258464","movement","70","24","5",""
"2014/6/7 18:09:13","258464","movement","69","24","5",""
"2014/6/7 18:09:20","258464","movement","68","25","5",""
"2014/6/7 18:09:27","258464","movement","67","26","5",""
"2014/6/7 18:09:34","258464","movement","66","27","4",""
"2014/6/7 18:09:41","258464","movement","65","28","4",""
"2014/6/7 18:09:48","258464","movement","64","29","4",""
"2014/6/7 18:09:55","258464","movement","63","30","4",""
"2014/6/7 18:10:02","258464","movement","62","31","4",""
"2014/6/7 18:10:09","258464","movement","62","32","4",""
"2014/6/7 18:10:16","258464","movement","63","33","4",""
"2014/6/7 18:10:23","258464","movement","62","34","4",""
"2014/6/7 18:10:30","258464","movement","62","35","4",""
"2014/6/7 18:10:37","258464","movement","61","36","4",""
"2014/6/7 18:10:44","258464","movement","60","37","4",""
"2014/6/7 18:10:48","258464","check-in","60","37","4","72"
"2014/6/7 18:38:32","258464","movement","61","36","4",""
"2014/6/7 18:38:39","258464","movement","62","35","4",""
"2014/6/7 18:38:46","258464","movement","62","34","4",""
"2014/6/7 18:38:53","258464","movement","61","33","4",""
"2014/6/7 18:39:00","258464","movement","60","32","4",""
"2014/6/7 18:39:07","258464","movement","59","32","4",""
"2014/6/7 18:39:14","258464","movement","58","31","4",""
"2014/6/7 18:39:21","258464","movement","57","32","4",""
"2014/6/7 18:39:28","258464","movement","56","31","4",""
"2014/6/7 18:39:35","258464","movement","55","30","4",""
"2014/6/7 18:39:42","258464","movement","54","29","4",""
"2014/6/7 18:39:49","258464","movement","53","29","4",""
"2014/6/7 18:39:56","258464","movement","52","28","4",""
"2014/6/7 18:47:22","258464","movement","53","29","4",""
"2014/6/7 18:47:29","258464","movement","54","29","4",""
"2014/6/7 18:47:36","258464","movement","55","30","4",""
"2014/6/7 18:47:43","258464","movement","56","31","4",""
"2014/6/7 18:47:50","258464","movement","57","30","4",""
"2014/6/7 18:47:57","258464","movement","58","31","4",""
"2014/6/7 18:48:04","258464","movement","59","31","4",""
"2014/6/7 18:48:11","258464","movement","60","32","4",""
"2014/6/7 18:48:18","258464","movement","61","33","4",""
"2014/6/7 18:48:25","258464","movement","62","34","4",""
"2014/6/7 18:48:32","258464","movement","62","35","4",""
"2014/6/7 18:48:39","258464","movement","61","36","4",""
"2014/6/7 18:48:46","258464","movement","60","37","4",""
"2014/6/7 18:48:50","258464","check-in","60","37","4","72"
"2014/6/7 19:04:39","258464","movement","61","37","4",""
"2014/6/7 19:04:46","258464","movement","62","37","4",""
"2014/6/7 19:04:53","258464","movement","63","38","4",""
"2014/6/7 19:05:00","258464","movement","64","39","4",""
"2014/6/7 19:05:07","258464","movement","64","40","4",""
"2014/6/7 19:05:14","258464","movement","65","41","4",""
"2014/6/7 19:05:21","258464","movement","65","42","4",""
"2014/6/7 19:05:28","258464","movement","64","43","4",""
"2014/6/7 19:05:35","258464","movement","63","44","4",""
"2014/6/7 19:05:42","258464","movement","63","45","4",""
"2014/6/7 19:05:49","258464","movement","63","46","4",""
"2014/6/7 19:05:56","258464","movement","64","47","4",""
"2014/6/7 19:06:03","258464","movement","65","48","4",""
"2014/6/7 19:06:10","258464","movement","65","49","4",""
"2014/6/7 19:06:17","258464","movement","65","50","4",""
"2014/6/7 19:06:24","258464","movement","66","51","4",""
"2014/6/7 19:06:31","258464","movement","66","52","4",""
"2014/6/7 19:06:38","258464","movement","65","53","4",""
"2014/6/7 19:06:45","258464","movement","65","54","4",""
"2014/6/7 19:06:52","258464","movement","66","55","4",""
"2014/6/7 19:06:59","258464","movement","67","56","5",""
"2014/6/7 19:07:06","258464","movement","68","57","5",""
"2014/6/7 19:07:13","258464","movement","68","58","5",""
"2014/6/7 19:07:20","258464","movement","69","59","5",""
"2014/6/7 19:07:27","258464","movement","69","60","5",""
"2014/6/7 19:07:34","258464","movement","70","61","5",""
"2014/6/7 19:07:41","258464","movement","70","62","5",""
"2014/6/7 19:07:48","258464","movement","70","63","5",""
"2014/6/7 19:07:55","258464","movement","69","64","5",""
"2014/6/7 19:08:02","258464","movement","69","65","5",""
"2014/6/7 19:08:09","258464","movement","69","66","5",""
"2014/6/7 19:08:16","258464","movement","68","67","5",""
"2014/6/7 19:08:23","258464","movement","68","68","5",""
"2014/6/7 19:08:30","258464","movement","68","69","5",""
"2014/6/7 19:08:37","258464","movement","68","70","5",""
"2014/6/7 19:08:44","258464","movement","69","71","5",""
"2014/6/7 19:08:51","258464","movement","69","72","5",""
"2014/6/7 19:36:48","258464","movement","69","73","5",""
"2014/6/7 19:36:55","258464","movement","69","74","5",""
"2014/6/7 19:37:02","258464","movement","68","75","5",""
"2014/6/7 19:37:09","258464","movement","69","76","5",""
"2014/6/7 19:37:16","258464","movement","68","77","5",""
"2014/6/7 19:37:23","258464","movement","67","78","5",""
"2014/6/7 19:37:30","258464","movement","66","78","4",""
"2014/6/7 19:37:37","258464","movement","65","79","4",""
"2014/6/7 19:37:44","258464","movement","64","78","4",""
"2014/6/7 19:37:51","258464","movement","63","79","4",""
"2014/6/7 19:37:58","258464","movement","62","79","4",""
"2014/6/7 19:38:05","258464","movement","61","78","4",""
"2014/6/7 19:38:12","258464","movement","60","78","4",""
"2014/6/7 19:38:19","258464","movement","59","79","4",""
"2014/6/7 19:38:26","258464","movement","58","80","4",""
"2014/6/7 19:38:33","258464","movement","58","81","4",""
"2014/6/7 19:38:40","258464","movement","58","82","5",""
"2014/6/7 19:38:47","258464","movement","58","83","5",""
"2014/6/7 19:38:54","258464","movement","57","84","5",""
"2014/6/7 19:39:01","258464","movement","57","85","5",""
"2014/6/7 19:39:08","258464","movement","56","86","5",""
"2014/6/7 19:39:15","258464","movement","55","87","5",""
"2014/6/7 19:39:22","258464","movement","54","86","5",""
"2014/6/7 19:39:29","258464","movement","53","86","5",""
"2014/6/7 19:39:36","258464","movement","52","85","5",""
"2014/6/7 19:39:43","258464","movement","51","85","5",""
"2014/6/7 19:39:50","258464","movement","50","84","5",""
"2014/6/7 19:39:57","258464","movement","49","83","5",""
"2014/6/7 19:40:04","258464","movement","48","82","5",""
"2014/6/7 19:40:11","258464","movement","47","81","4",""
"2014/6/7 19:40:18","258464","movement","46","80","4",""
"2014/6/7 19:40:25","258464","movement","45","79","4",""
"2014/6/7 19:40:32","258464","movement","44","79","3",""
"2014/6/7 19:40:39","258464","movement","43","78","3",""
"2014/6/7 19:40:46","258464","movement","42","77","3",""
"2014/6/7 19:40:53","258464","movement","41","76","3",""
"2014/6/7 19:41:00","258464","movement","40","75","3",""
"2014/6/7 19:41:07","258464","movement","39","74","3",""
"2014/6/7 19:41:14","258464","movement","38","74","3",""
"2014/6/7 19:41:21","258464","movement","37","73","3",""
"2014/6/7 19:41:28","258464","movement","36","72","3",""
"2014/6/7 19:41:35","258464","movement","35","71","2",""
"2014/6/7 19:41:42","258464","movement","34","70","2",""
"2014/6/7 19:41:49","258464","movement","34","69","2",""
"2014/6/7 19:41:56","258464","movement","33","68","2",""
"2014/6/7 19:42:03","258464","movement","33","67","2",""
"2014/6/7 19:42:10","258464","movement","32","66","2",""
"2014/6/7 19:42:17","258464","movement","33","65","2",""
"2014/6/7 19:42:24","258464","movement","34","64","2",""
"2014/6/7 19:42:31","258464","movement","34","63","2",""
"2014/6/7 19:42:38","258464","movement","33","62","2",""
"2014/6/7 19:42:45","258464","movement","32","61","2",""
"2014/6/7 19:42:52","258464","movement","31","60","2",""
"2014/6/7 19:42:59","258464","movement","30","60","2",""
"2014/6/7 19:43:06","258464","movement","29","59","2",""
"2014/6/7 19:43:13","258464","movement","28","58","2",""
"2014/6/7 19:43:20","258464","movement","27","58","2",""
"2014/6/7 19:43:27","258464","movement","26","57","2",""
"2014/6/7 19:43:34","258464","movement","25","56","2",""
"2014/6/7 19:43:41","258464","movement","24","55","2",""
"2014/6/7 19:43:48","258464","movement","23","54","2",""
"2014/6/7 19:43:55","258464","movement","22","53","2",""
"2014/6/7 19:44:02","258464","movement","21","52","2",""
"2014/6/7 19:44:09","258464","movement","20","51","2",""
"2014/6/7 19:44:16","258464","movement","19","50","2",""
"2014/6/7 19:44:23","258464","movement","18","49","1",""
"2014/6/7 19:44:30","258464","movement","17","48","1",""
"2014/6/7 19:44:37","258464","movement","17","47","1",""
"2014/6/7 20:12:47","258464","movement","16","46","1",""
"2014/6/7 20:12:54","258464","movement","15","45","1",""
"2014/6/7 20:13:01","258464","movement","14","44","1",""
"2014/6/7 20:13:08","258464","movement","15","43","1",""
"2014/6/7 20:13:15","258464","movement","16","42","1",""
"2014/6/7 20:13:22","258464","movement","15","41","1",""
"2014/6/7 20:13:29","258464","movement","16","40","1",""
"2014/6/7 20:13:36","258464","movement","17","39","1",""
"2014/6/7 20:13:43","258464","movement","18","38","1",""
"2014/6/7 20:13:50","258464","movement","19","37","1",""
"2014/6/7 20:13:57","258464","movement","20","36","1",""
"2014/6/7 20:14:04","258464","movement","21","35","1",""
"2014/6/7 20:14:11","258464","movement","22","34","1",""
"2014/6/7 20:18:25","258464","movement","21","35","1",""
"2014/6/7 20:18:32","258464","movement","20","36","1",""
"2014/6/7 20:18:39","258464","movement","19","37","1",""
"2014/6/7 20:18:46","258464","movement","18","38","1",""
"2014/6/7 20:18:53","258464","movement","17","39","1",""
"2014/6/7 20:19:00","258464","movement","16","40","1",""
"2014/6/7 20:19:07","258464","movement","15","41","1",""
"2014/6/7 20:19:14","258464","movement","16","42","1",""
"2014/6/7 20:19:21","258464","movement","17","43","1",""
"2014/6/7 20:19:28","258464","movement","16","44","1",""
"2014/6/7 20:19:35","258464","movement","15","45","1",""
"2014/6/7 20:19:42","258464","movement","15","46","1",""
"2014/6/7 20:19:49","258464","movement","16","47","1",""
"2014/6/7 20:19:56","258464","movement","17","48","1",""
"2014/6/7 20:20:03","258464","movement","18","49","1",""
"2014/6/7 20:20:10","258464","movement","19","50","2",""
"2014/6/7 20:20:17","258464","movement","20","51","2",""
"2014/6/7 20:20:24","258464","movement","21","51","2",""
"2014/6/7 20:20:31","258464","movement","22","52","2",""
"2014/6/7 20:20:38","258464","movement","23","53","2",""
"2014/6/7 20:20:45","258464","movement","24","54","2",""
"2014/6/7 20:20:52","258464","movement","25","55","2",""
"2014/6/7 20:20:59","258464","movement","26","56","2",""
"2014/6/7 20:21:06","258464","movement","27","57","2",""
"2014/6/7 20:21:13","258464","movement","28","58","2",""
"2014/6/7 20:21:20","258464","movement","29","58","2",""
"2014/6/7 20:21:27","258464","movement","30","59","2",""
"2014/6/7 20:21:34","258464","movement","31","60","2",""
"2014/6/7 20:21:41","258464","movement","32","61","2",""
"2014/6/7 20:21:48","258464","movement","33","62","2",""
"2014/6/7 20:21:55","258464","movement","34","63","2",""
"2014/6/7 20:22:02","258464","movement","34","64","2",""
"2014/6/7 20:22:09","258464","movement","33","65","2",""
"2014/6/7 20:22:16","258464","movement","32","65","2",""
"2014/6/7 20:22:23","258464","movement","31","66","2",""
"2014/6/7 20:22:30","258464","movement","30","67","2",""
"2014/6/7 20:22:37","258464","movement","29","67","2",""
"2014/6/7 20:22:44","258464","movement","28","66","2",""
"2014/6/7 20:22:51","258464","movement","27","66","2",""
"2014/6/7 20:22:58","258464","movement","26","67","2",""
"2014/6/7 20:23:05","258464","movement","25","67","2",""
"2014/6/7 20:23:12","258464","movement","24","67","2",""
"2014/6/7 20:23:19","258464","movement","23","66","2",""
"2014/6/7 20:23:26","258464","movement","22","66","2",""
"2014/6/7 20:23:33","258464","movement","21","67","2",""
"2014/6/7 20:23:40","258464","movement","20","67","2",""
"2014/6/7 20:23:47","258464","movement","19","67","2",""
"2014/6/7 20:23:54","258464","movement","18","67","2",""
"2014/6/7 20:24:01","258464","movement","17","66","2",""
"2014/6/7 20:24:08","258464","movement","16","67","2",""
"2014/6/7 20:24:15","258464","movement","15","67","2",""
"2014/6/7 20:24:22","258464","movement","14","66","2",""
"2014/6/7 20:24:29","258464","movement","13","66","2",""
"2014/6/7 20:24:36","258464","movement","12","67","2",""
"2014/6/7 20:24:43","258464","movement","11","67","2",""
"2014/6/7 20:24:50","258464","movement","10","66","2",""
"2014/6/7 20:24:57","258464","movement","9","66","2",""
"2014/6/7 20:25:04","258464","movement","8","66","2",""
"2014/6/7 20:25:11","258464","movement","7","67","2",""
"2014/6/7 20:25:18","258464","movement","6","66","2",""
"2014/6/7 20:25:25","258464","movement","5","66","2",""
"2014/6/7 20:25:32","258464","movement","4","67","2",""
"2014/6/7 20:25:39","258464","movement","3","67","2",""
"2014/6/7 20:25:46","258464","movement","2","66","2",""
"2014/6/7 20:25:53","258464","movement","1","67","2",""
"2014/6/7 20:26:00","258464","movement","0","67","2",""
